absorcion max teorico,absorcion en cm-1 teorico,energia del estado excitado teorico,Fueza del oscilador teorico,Dureza quimica teorico,Electrofilicidad teorico,Poder electrodonador teorico,Poder electroaceptor teorico,HOMO teorico,LUMO teorico,energia de exitacion teorico,inyeccion teorico,Voc teorico,regeneracion teorico,recombinacion teorico,Gap teorico,Energia de enlace del exciton teorico,Tiempo de vida del estado excitado teorico,Eficiencia de recoleccion de luz teorico,Eficiencia experimental
557.4,17.9,2.22,1.2829,4.298830182,2.034938302,6.429947069,2.247159914,-5.444184798,-3.031622074,-3.224184798,0.715815202,0.908377926,0.604184798,1.504184798,2.412562724,0.192562724,3644.483431,0.947868527,0.94
469.2,21.3,2.64,1.1063,4.274448765,1.686958241,5.539860799,1.74227826,-5.102409614,-2.551612978,-2.462409614,1.477590386,1.388387022,0.242409614,1.162409614,2.550796636,-0.089203364,2.986548099,0.921711134,7.96
552.9,18.1,2.24,0.6439,4.055097648,1.874206511,5.951227088,2.05248616,-5.084177976,-2.809032822,-2.844177976,1.095822024,1.130967178,0.224177976,1.144177976,2.275145154,0.035145154,7.106013987,0.772961243,4.12
412.2,24.3,3.01,1.1554,4.333116549,1.676637824,5.530016089,1.718174775,-5.13751232,-2.647124992,-2.12751232,1.87248768,1.352875008,0.53751232,1.13751232,2.490387328,-0.519612672,2.197134899,0.930080229,6.5
390.3,25.6,3.18,0.8299,6.022917443,1.2745054,4.884555286,0.966330993,-5.812627154,-2.177728342,-2.632627154,1.307372846,1.762271658,0.972627154,1.872627154,3.634898812,0.454898812,2.756106134,0.8520551,2.23
402.3,24.9,3.08,1.0427,5.344156215,1.301581018,4.802091676,1.072251924,-5.494798002,-2.219906012,-2.414798002,1.525201998,1.720093988,0.654798002,1.554798002,3.27489199,0.19489199,2.318694678,0.909364153,3.13
402.1,24.9,3.08,1.1559,5.300155377,1.339670949,4.894807566,1.126395651,-5.517927692,-2.235960738,-2.437927692,1.502072308,1.704039262,0.677927692,1.577927692,3.281966954,0.201966954,2.091619466,0.93016068,1.21
452.7,22.1,2.74,1.105,4.740063076,1.524815607,5.246900958,1.444869355,-5.257514594,-2.426440538,-2.517514594,1.422485406,1.513559462,0.417514594,1.317514594,2.831074056,0.091074056,2.777504732,0.921476437,5.56
414,24.2,3,1.5973,4.723300852,2.004593806,6.480204066,2.128583763,-5.924193894,-2.81093762,-2.924193894,1.075806106,1.18906238,1.124193894,1.924193894,3.113256274,0.113256274,1.602449711,0.974724486,2.97
415.9,24,2.98,1.4553,4.712307445,2.051885898,6.597053981,2.199528041,-5.965010994,-2.853387404,-2.985010994,1.014989006,1.146612596,1.165010994,1.965010994,3.11162359,0.13162359,1.788243356,0.964949033,1.98
532.6,18.8,2.33,1.1568,3.852127796,1.897503355,5.947494988,2.124034405,-4.969617982,-2.765222468,-2.639617982,1.360382018,1.234777532,0.169617982,0.969617982,2.204395514,-0.125604486,3.666297092,0.93030526,3.81
526.1,19,2.36,1.0905,4.381906594,2.073202961,6.55154017,2.28901,-5.54840446,-3.099106346,-3.18840446,0.75159554,0.840893654,0.70840446,1.60840446,2.449298114,0.089298114,3.80775293,0.918810475,2.4
486.1,20.6,2.55,0.8075,4.656034265,1.871506515,6.121333842,1.946696502,-5.53615933,-2.88849011,-2.98615933,0.95384067,1.05150989,0.69615933,1.59615933,2.64766922,0.09766922,4.374462129,0.844224197,4.23
492.6,20.3,2.52,0.8701,4.626346624,1.865206332,6.096707737,1.942410921,-5.502417194,-2.875972866,-2.982417194,0.957582806,1.064027134,0.662417194,1.562417194,2.626444328,0.106444328,4.180617059,0.865134769,5.45
495.2,20.2,2.5,0.8465,4.624659517,1.86630234,6.099025605,1.944266195,-5.495070116,-2.878421892,-2.995070116,0.944929884,1.061578108,0.655070116,1.555070116,2.616648224,0.116648224,4.339822144,0.857603275,6.11
350,28.6,3.54,0.7238,5.471451157,1.162951138,4.451548207,0.88418774,-5.295066326,-2.046841508,-1.755066326,2.444933674,2.153158492,0.095066326,1.095066326,3.248224818,-0.291775182,2.531925879,0.8111139,5.31
459.8,21.7,2.7,0.2358,4.50307897,1.475266328,5.054506405,1.409443778,-5.095606764,-2.136367014,-2.395606764,1.804393236,2.063632986,-0.104393236,0.895606764,2.95923975,0.25923975,13.50014286,0.418968069,4.7
490.9,20.4,2.53,0.7598,4.632333133,1.889736212,6.161107924,1.976878565,-5.528812252,-2.912708256,-2.998812252,1.001187748,1.087291744,0.728812252,1.528812252,2.616103996,0.086103996,4.74069493,0.82613987,3.1
492.2,20.3,2.52,0.8706,4.654347158,1.853511675,6.074803145,1.921036951,-5.516567122,-2.85855757,-2.996567122,1.003432878,1.14144243,0.716567122,1.516567122,2.658009552,0.138009552,4.178216061,0.865289949,4.02
514.9,19.4,2.41,0.998,4.63091814,1.472007575,5.079625556,1.387269511,-5.098872132,-2.481951794,-2.688872132,1.251127868,1.458048206,0.258872132,1.158872132,2.616920338,0.206920338,3.990870464,0.899538421,6.67
483.4,20.7,2.56,1.1203,4.152623315,1.739921687,5.640071595,1.838693066,-5.169621772,-2.45582885,-2.609621772,1.390378228,1.54417115,0.369621772,1.169621772,2.713792922,0.153792922,3.122673703,0.924194625,4.8
482.4,20.7,2.57,1.3373,4.162637111,1.765207772,5.707337961,1.873822765,-5.19873797,-2.486849846,-2.62873797,1.37126203,1.513150154,0.39873797,1.19873797,2.711888124,0.141888124,2.615966013,0.954006125,5.05
481.2,20.8,2.58,1.4259,4.157875116,1.80132469,5.797675884,1.927357265,-5.233568562,-2.535830366,-2.653568562,1.346431438,1.464169634,0.433568562,1.233568562,2.697738196,0.117738196,2.429885973,0.962494065,5.01
472.7,21.2,2.62,1.5906,4.187453911,1.819910677,5.8535608,1.949513648,-5.279283714,-2.515149702,-2.659283714,1.340716286,1.484850298,0.479283714,1.279283714,2.764134012,0.144134012,2.096857575,0.974331529,4.75
473.2,21.1,2.62,1.4457,4.034716308,1.863861052,5.91898323,2.040800516,-5.239282956,-2.529843858,-2.619282956,1.380717044,1.470156142,0.439282956,1.239282956,2.709439098,0.089439098,2.328941293,0.964165611,4.51
431.7,23.2,2.87,0.9785,5.28973341,1.328572384,4.862292213,1.113213999,-5.391394682,-2.260995226,-2.521394682,1.478605318,1.739004774,0.551394682,1.391394682,3.130399456,0.260399456,2.846196191,0.894924855,3.83
440.7,22.7,2.81,1.7447,4.676333971,1.684467284,5.64578746,1.676623422,-5.46404912,-2.455556736,-2.65404912,1.34595088,1.544443264,0.62404912,1.46404912,3.008492384,0.198492384,1.667359151,0.98199886,4.02
446.4,22.4,2.78,1.3747,4.549392778,1.743061797,5.761675441,1.779245843,-5.49534223,-2.519231412,-2.71534223,1.28465777,1.480768588,0.65534223,1.49534223,2.976110818,0.196110818,2.173189828,0.95780121,5.2
441.6,22.6,2.81,1.6908,4.699844623,1.71812697,5.739338624,1.720649833,-5.52935648,-2.490115214,-2.71935648,1.28064352,1.509884786,0.68935648,1.52935648,3.039241266,0.229241266,1.735771348,0.979620196,4.16
465.5,21.5,2.66,1.3064,4.643081637,1.93712291,6.285077455,2.04379939,-5.736435234,-2.758147504,-3.076435234,0.863564766,1.181852496,0.896435234,1.796435234,2.97828773,0.31828773,2.482267272,0.950614438,6.1
460.5,21.7,2.69,1.1884,4.60569317,2.132195656,6.768126078,2.336368194,-5.95793603,-2.87352384,-3.26793603,0.67206397,1.06647616,1.11793603,2.01793603,3.08441219,0.39441219,2.678671901,0.935196271,6.3
479.5,20.9,2.59,0.9851,5.060477342,1.338828948,4.834469386,1.153406073,-5.245269464,-2.32521413,-2.655269464,1.284730536,1.61478587,0.405269464,1.305269464,2.920055334,0.330055334,3.483603687,0.896509616,7.38
444.3,22.5,2.79,1.433,4.595243991,2.135653412,6.773667414,2.343351734,-5.954670662,-2.878421892,-3.164670662,0.775329338,1.061578108,1.114670662,2.014670662,3.07624877,0.28624877,2.066285872,0.96310224,6.75
476.6,21,2.6,1.025,5.036912268,1.387077595,4.957997807,1.219926606,-5.296154782,-2.386167666,-2.696154782,1.243845218,1.553832334,0.456154782,1.356154782,2.909987116,0.309987116,3.316188264,0.905593912,6.65
457.9,21.8,2.71,1.4919,4.659462901,1.844714827,6.053733192,1.90755898,-5.621603126,-2.66127492,-2.911603126,1.028396874,1.27872508,0.781603126,1.681603126,2.960328206,0.250328206,2.114213938,0.967781894,5.49
442.3,22.6,2.8,1.2094,4.622428182,2.157593826,6.837172765,2.371006062,-6.000657928,-2.9116198,-3.200657928,0.739342072,1.0283802,1.160657928,2.060657928,3.089038128,0.289038128,2.426692737,0.938255255,5.34
481.5,20.8,2.58,2.2277,4.349416179,2.00153479,6.361233545,2.188582637,-5.55248617,-2.786991588,-2.97248617,0.96751383,1.153008412,0.71248617,1.61248617,2.765494582,0.185494582,1.555314633,0.994080296,5.7
487.1,20.5,2.55,2.6008,4.139534631,1.982394779,6.249120484,2.19790046,-5.391394682,-2.68304404,-2.841394682,1.098605318,1.25695596,0.551394682,1.451394682,2.708350642,0.158350642,1.371472028,0.997492736,1.3
515.1,19.4,2.41,0.8852,4.167507953,1.822698994,5.854727485,1.957006984,-5.24499735,-2.539367848,-2.83499735,1.10500265,1.400632152,0.40499735,1.30499735,2.705629502,0.295629502,4.499422417,0.869743321,0.69
424.1,23.6,2.92,1.2334,5.399585842,1.541931823,5.461655537,1.381019987,-5.747864022,-2.448209658,-2.827864022,1.112135978,1.491790342,0.907864022,1.807864022,3.299654364,0.379654364,2.182095144,0.941574828,1.64
424.6,23.6,2.92,1.231,5.39022512,1.542529637,5.460891944,1.383004746,-5.739700602,-2.448753886,-2.819700602,1.120299398,1.491246114,0.899700602,1.799700602,3.290946716,0.370946716,2.186349432,0.941251065,1.88
439.1,22.8,2.82,1.296,5.126519417,1.433091608,5.103198616,1.269982745,-5.437381948,-2.304533466,-2.617381948,1.322618052,1.635466534,0.597381948,1.497381948,3.132848482,0.312848482,2.224984231,0.949417534,1.14
439.1,22.8,2.82,1.3281,5.143880292,1.409660082,5.044903372,1.236721992,-5.421599336,-2.272696128,-2.601599336,1.338400664,1.667303872,0.581599336,1.481599336,3.148903208,0.328903208,2.171206658,0.953021408,2.34
440.7,22.7,2.81,1.2591,5.149050458,1.421113821,5.076814424,1.251272169,-5.43819829,-2.294193134,-2.62819829,1.31180171,1.645806866,0.59819829,1.49819829,3.144005156,0.334005156,2.310413399,0.944931912,2.51
441.3,22.7,2.81,1.2974,5.132750828,1.425170438,5.083602803,1.258672804,-5.431667554,-2.296370046,-2.621667554,1.318332446,1.643629954,0.591667554,1.491667554,3.135297508,0.325297508,2.242208656,0.94958033,1.82
461.8,21.7,2.68,0.8065,4.467540878,2.020024213,6.443480259,2.195059201,-5.618065644,-2.948899418,-2.938065644,1.001934356,0.991100582,0.778065644,1.678065644,2.669166226,-0.010833774,3.947096946,0.843865096,7.28
485.8,20.6,2.55,0.6351,4.570454403,1.932023403,6.250917101,2.048483313,-5.5647313,-2.875428638,-3.0147313,0.9252687,1.064571362,0.7247313,1.6247313,2.689302662,0.139302662,5.561924373,0.768313889,6.95
516.2,19.4,2.4,0.4399,4.265523425,2.038438735,6.428539611,2.258405758,-5.422415678,-2.960056092,-3.022415678,0.917584322,0.979943908,0.582415678,1.482415678,2.462359586,0.062359586,9.054077571,0.636838334,7.87
481,20.8,2.58,0.4071,4.631707271,1.837617849,6.02764105,1.901793755,-5.476022136,-2.7891685,-2.896022136,1.043977864,1.1508315,0.636022136,1.536022136,2.686853636,0.106853636,8.510868112,0.608348314,6.67
495.5,20.2,2.5,0.5379,4.362586498,1.891552229,6.087029296,2.024502935,-5.343230504,-2.80005306,-2.843230504,1.096769496,1.13994694,0.503230504,1.403230504,2.543177444,0.043177444,6.829632729,0.71019892,5.1
312.6,32,3.97,2.6092,5.001564656,1.354588802,4.862300248,1.181250541,-5.16472372,-1.909423938,-1.19472372,2.74527628,2.030576062,0.32472372,1.22472372,3.255299782,-0.714700218,0.561040621,0.997540765,8.02
316.5,31.6,3.92,1.8107,4.932747018,1.398915507,4.963612063,1.248643343,-5.161186238,-1.997044646,-1.241186238,2.698813762,1.942955354,0.321186238,1.221186238,3.164141592,-0.755858408,0.829050463,0.984536778,4.51
300.4,33.3,4.13,1.7799,4.803928238,1.377019207,4.872951224,1.235616635,-5.082273178,-1.943166074,-0.952273178,2.987726822,1.996833926,0.242273178,1.142273178,3.139107104,-0.990892896,0.759482135,0.983400309,7.63
312.4,32,3.97,2.1777,4.736988188,1.46735203,5.095012216,1.366519428,-5.137240206,-2.018269538,-1.167240206,2.832759794,1.981730462,0.537240206,1.137240206,3.118970668,-0.851029332,0.67220792,0.993357983,5.8
490.6,20.4,2.53,0.4698,4.500058505,1.946586331,6.267241692,2.081610945,-5.507859474,-2.888217996,-2.977859474,0.962140526,1.051782004,0.667859474,1.567859474,2.619641478,0.089641478,7.667049825,0.660999764,6.33
320.8,31.2,3.87,0.9115,5.063415085,1.39719982,4.991634554,1.230091613,-5.37561207,-2.411746382,-1.50561207,2.43438793,1.528253618,0.53561207,1.43561207,2.963865688,-0.906134312,1.689412767,0.87739731,5.24
354.5,28.2,3.5,1.143,4.693081773,1.367630079,4.820001756,1.237153783,-5.116287428,-2.373106194,-1.616287428,2.323712572,1.566893806,0.276287428,1.176287428,2.743181234,-0.756818766,1.64913871,0.928055102,6.37
386.8,25.9,3.21,1.1377,4.695432022,1.517808442,5.21677394,1.441388831,-5.2518002,-2.343717882,-2.0418002,1.8981998,1.596282118,0.4118002,1.3118002,2.908082318,-0.301917682,1.964148622,0.927171729,6.8
391.5,25.5,3.17,1.5029,4.441846239,1.549152164,5.230791103,1.521048332,-5.085266432,-2.434603958,-1.915266432,2.024733568,1.505396042,0.245266432,1.145266432,2.650662474,-0.519337526,1.533879303,0.968587681,6.39
309.8,32.3,4,1.3384,4.652843183,1.471195757,5.083227071,1.383161355,-5.169621772,-2.369296598,-1.169621772,2.770378228,1.570703402,0.329621772,1.229621772,2.800325174,-1.199674826,1.073521286,0.954122473,7.41
394.1,25.4,3.15,1.1026,4.565799893,1.432577226,4.958950099,1.342083791,-5.066218452,-2.308070948,-1.916218452,2.023781548,1.631929052,0.226218452,1.126218452,2.758147504,-0.391852496,2.107250723,0.921041298,7.7
316.2,31.6,3.92,1.1607,4.504234911,1.438971699,4.959661756,1.359254402,-4.959821878,-2.317322824,-1.039821878,2.900178122,1.622677176,0.119821878,1.019821878,2.642499054,-1.277500946,1.293324436,0.930928323,7.23
440.8,22.7,2.81,1.3292,4.356816865,1.497058877,5.072299669,1.460537948,-4.911113472,-2.484128706,-2.101113472,1.838886528,1.455871294,0.071113472,0.971113472,2.426984766,-0.383015234,2.188565687,0.953140246,4.8
354.4,28.2,3.5,1.3234,4.204565257,1.742259462,5.661128121,1.833480383,-5.246902148,-2.470250892,-1.746902148,2.193097852,1.469749108,0.176902148,1.306902148,2.776651256,-0.723348744,1.424335458,0.952510237,4.5
471.6,21.2,2.63,1.4004,4.14452493,1.848201674,5.91246425,1.998408063,-5.316019104,-2.528483288,-2.686019104,1.253980896,1.411516712,0.246019104,1.376019104,2.787535816,0.157535816,2.381649285,0.960225933,4.3
421.6,23.7,2.94,0.889,3.987316221,1.812576991,5.77532385,1.973398643,-5.079824152,-2.498278634,-2.139824152,1.800175848,1.441721366,0.239824152,1.139824152,2.581545518,-0.358454482,3.001948102,0.870878073,4.98
437.3,22.9,2.83,1.6471,11.51498804,5.86E-13,0.719688589,0.719684916,-5.08172895,-2.666445086,-2.25172895,1.68827105,1.273554914,0.24172895,1.14172895,2.415283864,-0.414716136,1.735444387,0.977462798,5.29
468.9,21.3,2.64,0.912,4.78643185,1.450599498,5.063573415,1.337128557,-5.26132419,-2.437869326,-2.62132419,1.31867581,1.502130674,0.42132419,1.32132419,2.823454864,0.183454864,3.622826932,0.87753838,4.22
444.9,22.5,2.79,1.3148,4.756346652,2.221218504,7.038065174,2.441352175,-6.118755404,-3.069718034,-3.328755404,0.571244596,0.830281966,1.278755404,2.218755404,3.04903737,0.25903737,2.252044154,0.951560461,0.101
332.4,30.1,3.73,0.9448,4.395195555,1.507652436,5.110228109,1.46978108,-5.040367622,-2.450114456,-1.310367622,2.629632378,1.489885544,0.200367622,1.100367622,2.590253166,-1.139746834,1.751171808,0.886446637,8.1
406.5,24.6,3.05,1.2317,4.370836451,1.625381629,5.408652354,1.639228718,-5.15383916,-2.43678087,-2.10383916,1.83616084,1.50321913,0.31383916,1.21383916,2.71705829,-0.33294171,2.011066711,0.941345681,7.5
319.4,31.3,3.88,0.9201,4.412023358,1.524694217,5.159122785,1.491157001,-5.15111802,-2.523585236,-1.27111802,2.66888198,1.416414764,0.31111802,1.21111802,2.627532784,-1.252467216,1.662945158,0.879801237,6.6
440,22.7,2.82,0.9165,5.25651509,1.314916824,4.817381728,1.099349956,-5.352754494,-2.232423256,-2.532754494,1.407245506,1.707576744,0.512754494,1.412754494,3.120331238,0.300331238,3.174076935,0.878800731,5.3
445.5,22.4,2.78,0.9698,5.201038931,1.350477681,4.900038303,1.152002286,-5.354659292,-2.269702874,-2.574659292,1.365340708,1.670297126,0.514659292,1.414659292,3.084956418,0.304956418,3.080515628,0.892798713,4.9
441.1,22.7,2.81,1.1656,11.86418789,2.53E-13,0.741510519,0.741512968,-5.051524296,-2.591069508,-2.241524296,1.698475704,1.348930492,0.211524296,1.111524296,2.460454788,-0.349545212,2.495745977,0.931703256,6.1
331.5,30.2,3.74,0.9188,4.334091262,1.546837263,5.195420308,1.533690153,-5.161730466,-2.485489276,-1.421730466,2.518269534,1.454510724,0.321730466,1.221730466,2.67624119,-1.06375881,1.788820488,0.879440899,5.8
439.9,22.7,2.82,1.017,5.215767103,1.342699931,4.882642922,1.14012769,-5.367720764,-2.246028956,-2.547720764,1.392279236,1.693971044,0.527720764,1.427720764,3.121691808,0.301691808,2.860414465,0.903838772,4.5
437.9,22.8,2.83,1.0167,5.250016735,1.330846335,4.858904795,1.120732639,-5.373435158,-2.238953992,-2.543435158,1.396564842,1.701046008,0.533435158,1.433435158,3.134481166,0.304481166,2.836214776,0.903772323,4
335.1,29.8,3.7,0.9034,4.403818304,2.023123565,6.432109922,2.210861626,-5.553030398,-2.9524369,-1.853030398,2.086969602,0.9875631,0.713030398,1.613030398,2.600593498,-1.099406502,1.86848243,0.875089197,7.5
414.8,24.1,2.99,1.1259,4.781950132,1.198837254,4.389588027,1.003504754,-4.966896842,-2.022079134,-1.976896842,1.963103158,1.917920866,0.126896842,1.026896842,2.944817708,-0.045182292,2.292280334,0.925165821,2.7
419.5,23.8,2.96,1.3029,4.734048268,1.212315217,4.414491737,1.026525163,-4.947848862,-2.041671342,-1.987848862,1.952151138,1.898328658,0.107848862,1.007848862,2.90617752,-0.05382248,2.03112492,0.950214829,4.6
368.3,27.2,3.37,1.3798,4.089061832,1.861769161,5.930115862,2.02809351,-5.107307666,-2.72930342,-1.737307666,2.202692334,1.21069658,0.267307666,1.167307666,2.378004246,-0.991995754,1.468411186,0.95829386,3.4
407,24.6,3.05,1.0825,4.575420212,1.930772769,6.249186817,2.045831787,-5.683645118,-2.88576897,-2.633645118,1.306354882,1.05423103,0.843645118,1.743645118,2.797876148,-0.252123852,2.288250224,0.917301049,3.21
413.7,24.2,3,1.153,4.568488924,1.887256711,6.136328085,1.983759873,-5.647998184,-2.751888882,-2.647998184,1.292001816,1.188111118,0.807998184,1.707998184,2.896109302,-0.103890698,2.219941825,0.929692768,3.22
407.1,24.6,3.05,1.1791,4.5597742,1.891557611,6.144766175,1.991436043,-5.645821272,-2.807128024,-2.595821272,1.344178728,1.132871976,0.805821272,1.705821272,2.838693248,-0.211306752,2.100780992,0.933793596,3.33
370.5,27,3.35,1.2676,4.601220704,1.843040569,6.032812164,1.914502699,-5.632215572,-2.74154855,-2.282215572,1.657784428,1.19845145,0.792215572,1.692215572,2.890667022,-0.459332978,1.622153224,0.945999224,3.49
374.1,26.7,3.31,1.4939,4.053630681,1.798116045,5.758628057,1.940539958,-5.03683014,-2.713520808,-1.72683014,2.21316986,1.226479192,0.19683014,1.09683014,2.323309332,-0.986690668,1.40752975,0.967929923,3.29
379.1,26.4,3.27,1.6592,4.1320251,1.768726421,5.707303475,1.884105346,-5.050980068,-2.640594256,-1.780980068,2.159019932,1.299405744,0.210980068,1.110980068,2.410385812,-0.859614188,1.296268716,0.978082047,3.5
366.6,27.3,3.38,1.1974,4.007233607,1.813694235,5.784132323,1.971548818,-5.00145532,-2.755698478,-1.62145532,2.31854468,1.184301522,0.16145532,1.06145532,2.245756842,-1.134243158,1.679720741,0.936525396,3.43
387,25.8,3.2,1.8675,4.543389942,1.13638643,4.163446695,0.950022766,-4.825397562,-1.819626318,-1.625397562,2.314602438,2.120373682,-0.014602438,0.885397562,3.005771244,-0.194228756,1.205873109,0.986432495,3.9
519.3,19.3,2.39,0.8812,4.601771734,1.543095069,5.258074108,1.489527633,-5.165267948,-2.56195331,-2.775267948,1.164732052,1.37804669,0.325267948,1.225267948,2.603314638,0.213314638,4.566805615,0.868538071,5.33
334.7,29.9,3.7,0.9404,4.508592,1.483849274,5.078429366,1.420541732,-5.01233988,-2.516782386,-1.31233988,2.62766012,1.423217614,0.17233988,1.07233988,2.495557494,-1.204442506,1.782980674,0.885290338,6.9
365.3,27.4,3.39,1.2006,4.381927819,1.897424389,6.107637695,2.029800839,-5.394387936,-2.824271206,-2.004387936,1.935612064,1.115728794,0.554387936,1.454387936,2.57011673,-0.81988327,1.663037982,0.936991375,7.02
328.3,30.5,3.78,1.2651,4.661501852,1.790431749,5.915011921,1.829402808,-5.467586602,-2.702908362,-1.687586602,2.252413398,1.237091638,0.627586602,1.527586602,2.76467824,-1.01532176,1.273729181,0.945687474,5.56
355.8,28.1,3.48,1.2151,4.43754711,1.822392561,5.932971547,1.911292086,-5.345135302,-2.728759192,-1.865135302,2.074864698,1.211240808,0.505135302,1.405135302,2.61637611,-0.86362389,1.562345109,0.939060344,2.6
489.3,20.4,2.53,1.0227,4.512281867,1.570570773,5.305558964,1.540759362,-5.208806188,-2.56331388,-2.678806188,1.261193812,1.37668612,0.368806188,1.268806188,2.645492308,0.115492308,3.522029928,0.905092617,4.97
417.1,24,2.97,1.296,4.311598316,1.756682402,5.728875269,1.836804127,-5.425136818,-2.46671341,-2.455136818,1.944863182,1.93328659,0.525136818,1.025136818,2.958423408,-0.011576592,2.008048268,0.949417534,5.04
463.1,21.6,2.68,1.1797,4.198994811,1.751637012,5.683407048,1.848015353,-5.298875922,-2.452291368,-2.618875922,1.781124078,1.947708632,0.398875922,0.898875922,2.846584554,0.166584554,2.72346972,0.933885,5.94
432.6,23.1,2.87,1.6437,3.874861834,1.920694653,6.012612806,2.154523536,-5.19601683,-2.574742668,-2.32601683,2.07398317,1.825257332,0.29601683,0.79601683,2.621274162,-0.248725838,1.709051374,0.977285666,6.05
434.7,23,2.85,1.5308,3.893624368,1.946239018,6.082355139,2.189303979,-5.250711744,-2.59732813,-2.400711744,1.999288256,1.80267187,0.350711744,0.850711744,2.653383614,-0.196616386,1.851089883,0.970542221,5.99
435,23,2.85,1.5434,3.872203824,1.969992986,6.134972646,2.229024777,-5.250711744,-2.618280908,-2.400711744,1.999288256,1.781719092,0.350711744,0.850711744,2.632430836,-0.217569164,1.835977966,0.971384588,5.88
454.8,22,2.73,0.8914,5.268166741,1.384483965,5.0079001,1.188556602,-5.437654062,-2.371745624,-2.707654062,1.692345938,2.028254376,0.537654062,1.037654062,3.065908438,0.335908438,3.474430601,0.871589659,4.65
483.5,20.7,2.56,1.1065,4.841782565,1.52494657,5.273892032,1.431117068,-5.324726752,-2.532564998,-2.764726752,1.635273248,1.867435002,0.424726752,0.924726752,2.792161754,0.232161754,3.161618933,0.921747179,5.01
437.8,22.8,2.83,1.1671,3.865613223,1.942423625,6.064057229,2.188838925,-5.036013798,-2.628893354,-2.206013798,1.733986202,1.311106646,0.196013798,1.096013798,2.407120444,-0.422879556,2.470721929,0.931938738,1.21
424.8,23.5,2.92,1.0162,3.87091482,1.884333128,5.920322631,2.100874233,-5.00825817,-2.588620482,-2.08825817,1.85174183,1.351379518,0.16825817,1.06825817,2.419637688,-0.500362312,2.671078907,0.903661473,1.63
387.9,25.8,3.2,0.9265,5.978510611,1.272759165,4.869714164,0.968636321,-5.78106193,-2.16058516,-2.58106193,1.35893807,1.77941484,0.94106193,1.84106193,3.62047677,0.42047677,2.43061849,0.881559563,2.47
409,24.4,3.03,0.9894,5.350611032,1.259506977,4.689064897,1.01778939,-5.36200637,-2.160040932,-2.33200637,1.60799363,1.779959068,0.52200637,1.42200637,3.201965438,0.171965438,2.544779011,0.89752923,3.78
420.6,23.8,2.95,0.7386,4.859051193,1.708246493,5.757394667,1.682972705,-5.52255363,-2.625627986,-2.57255363,1.36744637,1.314372014,0.68255363,1.58255363,2.896925644,-0.053074356,3.582930759,0.817442365,4.09
424.6,23.6,2.92,1.231,5.390305938,1.54248788,5.460801166,1.382938594,-5.739700602,-2.448481772,-2.819700602,1.120299398,1.491518228,0.899700602,1.799700602,3.29121883,0.37121883,2.186349432,0.941251065,0.95
426,23.5,2.91,1.2065,5.371939874,1.556479103,5.49336972,1.404039175,-5.742421742,-2.474604716,-2.832421742,1.107578258,1.465395284,0.902421742,1.802421742,3.267817026,0.357817026,2.249772387,0.937841575,0.83
440.6,22.7,2.81,1.3167,5.14083724,1.43221435,5.10442601,1.267036046,-5.452620332,-2.30480558,-2.642620332,1.297379668,1.63519442,0.612620332,1.512620332,3.147814752,0.337814752,2.209342683,0.951771917,1.1
441.5,22.7,2.81,1.2872,5.122400699,1.446381761,5.137614445,1.288212688,-5.45452513,-2.335010234,-2.64452513,1.29547487,1.604989766,0.61452513,1.51452513,3.119514896,0.309514896,2.259976313,0.948382139,0.94
424.8,23.5,2.92,1.2279,5.392146517,1.542034416,5.460057575,1.382098403,-5.740789058,-2.44766543,-2.820789058,1.119210942,1.49233457,0.900789058,1.800789058,3.293123628,0.373123628,2.210563063,0.940830214,0.88
424.8,23.5,2.92,1.228,5.392117945,1.542036722,5.460056523,1.382105106,-5.740789058,-2.44766543,-2.820789058,1.119210942,1.49233457,0.900789058,1.800789058,3.293123628,0.373123628,2.21038305,0.940843837,1.28
453.3,22.1,2.74,1.2542,4.264605856,1.825313282,5.890010307,1.944318552,-5.413163802,-2.641954826,-2.673163802,1.266836198,1.298045174,0.573163802,1.473163802,2.771208976,0.031208976,2.447091954,0.944307079,3.79
309.6,32.3,4,0.7209,4.806212907,1.407382044,4.954198036,1.276106753,-5.11438263,-2.490115214,-1.11438263,2.82561737,1.449884786,0.27438263,1.17438263,2.624267416,-1.375732584,1.993065459,0.809848393,4.78
308.2,32.5,4.02,0.6992,4.869736839,1.431764276,5.0350126,1.300761608,-5.196833172,-2.511067992,-1.176833172,2.763166828,1.428932008,0.356833172,1.256833172,2.68576518,-1.33423482,2.029707663,0.800105889,4.52
308.2,32.5,4.02,1.0763,4.737141388,1.435650711,5.011401012,1.323344505,-5.160914124,-2.484945048,-1.140914124,2.799085876,1.455054952,0.320914124,1.220914124,2.675969076,-1.344030924,1.318565082,0.916111969,4.88
407.5,24.5,3.04,1.5933,4.572583695,1.460661655,5.034539361,1.37968022,-5.006625486,-2.464808612,-1.966625486,1.973374514,1.475191388,0.166625486,1.066625486,2.541816874,-0.498183126,1.567371364,0.974490614,4.5
446.6,22.4,2.78,1.0359,5.299422574,1.491095995,5.301111584,1.325700216,-5.605004172,-2.511340106,-2.825004172,1.114995828,1.428659894,0.765004172,1.665004172,3.093664066,0.313664066,2.883950242,0.907933846,3.4
479.2,20.9,2.59,0.8491,4.603324961,1.550596221,5.278066508,1.499733995,-5.275202004,-2.55515046,-2.685202004,1.254797996,1.38484954,0.435202004,1.335202004,2.720051544,0.130051544,4.041571066,0.858453218,4.88
487.6,20.5,2.54,1.0535,4.394067914,1.643599979,5.462104174,1.661554232,-5.213160012,-2.632430836,-2.673160012,1.266839988,1.307569164,0.373160012,1.273160012,2.580729176,0.040729176,3.385784955,0.911590283,4.01
405.1,24.7,3.06,1.3737,5.357151021,1.199132116,4.52528201,0.940890334,-5.265133786,-1.979085122,-2.205133786,1.734866214,1.960914878,0.425133786,1.325133786,3.286048664,0.226048664,1.788610715,0.957703932,2.43
470.4,21.3,2.64,1.2242,4.999610877,1.585744485,5.474957539,1.492971759,-5.486634582,-2.580184948,-2.846634582,1.093365418,1.359815052,0.646634582,1.546634582,2.906449634,0.266449634,2.698920244,0.94032396,1.49
442.4,22.6,2.8,1.3277,5.026153968,1.392400828,4.969553951,1.228318608,-5.294522098,-2.324669902,-2.494522098,1.445477902,1.615330098,0.454522098,1.354522098,2.969852196,0.169852196,2.210470886,0.952978119,0.44
512.4,19.5,2.42,1.046,4.145290659,2.06890042,6.467653535,2.326109479,-5.362278484,-2.926041842,-2.942278484,0.997721516,1.013958158,0.522278484,1.422278484,2.436236642,0.016236642,3.768779471,0.910050242,3.52
515.1,19.4,2.41,1.1481,4.120296985,2.11804668,6.58250892,2.404714921,-5.389761998,-2.977199274,-2.979761998,0.960238002,0.962800726,0.549761998,1.449761998,2.412562724,0.002562724,3.469113077,0.928895023,3.92
490.3,20.4,2.53,0.8706,4.270383109,1.989299452,6.30645282,2.184542879,-5.369625562,-2.847128782,-2.839625562,1.100374438,1.092871218,0.529625562,1.429625562,2.52249678,-0.00750322,4.137353558,0.865289949,3.33
550.7,18.2,2.25,0.8822,3.984516984,1.984082388,6.205363325,2.229030851,-5.112205718,-2.845496098,-2.862205718,1.077794282,1.094503902,0.272205718,1.172205718,2.26670962,0.01670962,5.129698068,0.868840425,4.41
547.5,18.3,2.26,0.9064,4.061099939,1.920121676,6.068626104,2.119498093,-5.090980826,-2.769304178,-2.830980826,1.109019174,1.170695822,0.250980826,1.150980826,2.321676648,0.061676648,4.93832373,0.875949077,5.35
550.3,18.2,2.25,0.8145,4.09276476,1.905956986,6.04263374,2.092789798,-5.089076028,-2.74699083,-2.839076028,1.100923972,1.19300917,0.249076028,1.149076028,2.342085198,0.092085198,5.556070762,0.846714879,5.41
552.3,18.1,2.24,0.8028,4.079735396,1.90459904,6.035254868,2.093108215,-5.089620256,-2.755426364,-2.849620256,1.090379744,1.184573636,0.249620256,1.149620256,2.334193892,0.094193892,5.699504742,0.842529212,5.98
555,18,2.23,0.8208,4.057485177,1.928342437,6.088183263,2.132372131,-5.084994318,-2.778828168,-2.854994318,1.085005682,1.161171832,0.244994318,1.144994318,2.30616615,0.07616615,5.636626718,0.848922427,5.48
509.3,19.6,2.43,1.0874,4.16602602,2.054276883,6.43752544,2.300335344,-5.371802474,-2.91570151,-2.941802474,0.998197526,1.02429849,0.531802474,1.431802474,2.456100964,0.026100964,3.588394327,0.91822887,3.52
480.7,20.8,2.58,1.3314,4.342419311,1.453320787,4.954405392,1.40168017,-4.931522022,-2.354602442,-2.351522022,1.588477978,1.585397558,0.091522022,0.991522022,2.57691958,-0.00308042,2.60235422,0.953377023,5.75
428.9,23.3,2.89,1.2906,3.979243686,1.891318747,5.971187921,2.091492526,-5.132886382,-2.629709696,-2.242886382,1.697113618,1.310290304,0.292886382,1.192886382,2.503176686,-0.386823314,2.13943024,0.948784667,2.41
